referee_name,referee_wikipedia_link,family_name,given_name,country_name,confederation_code
Abdul Rahman Al-Zeid,https://en.wikipedia.org/wiki/Abdul_Rahman_Al-Zeid,Rahman Al-Zeid,Abdul,Saudi Arabia,AFC
Abel Aguilar Elizalde,not available,Aguilar Elizalde,Abel,Mexico,CONCACAF
Abraham Klein,https://en.wikipedia.org/wiki/Abraham_Klein_(referee),Klein,Abraham,Israel,UEFA
Adolf Prokop,https://en.wikipedia.org/wiki/Adolf_Prokop,Prokop,Adolf,East Germany,UEFA
Alan Snoddy,https://en.wikipedia.org/wiki/Alan_Snoddy,Snoddy,Alan,Northern Ireland,UEFA
Albert Dusch,not available,Dusch,Albert,West Germany,UEFA
Alberto Malcher,not available,Malcher,Alberto,Brazil,CONMEBOL
Alberto Tejada,https://en.wikipedia.org/wiki/Alberto_Tejada_Noriega,Tejada Noriega,Alberto,Peru,CONMEBOL
Alberto Tejada Noriega,https://en.wikipedia.org/wiki/Alberto_Tejada_Noriega,Tejada Noriega,Alberto,Peru,CONMEBOL
Alberto Undiano Mallenco,https://en.wikipedia.org/wiki/Alberto_Undiano_Mallenco,Undiano Mallenco,Alberto,Spain,UEFA
Alberto Warnken,not available,Warnken,Alberto,Chile,CONMEBOL
Albino Carraro,not available,Carraro,Albino,Italy,UEFA
Alexey Spirin,https://en.wikipedia.org/wiki/Alexey_Spirin,Spirin,Alexey,Soviet Union,UEFA
Alexis Ponnet,https://en.wikipedia.org/wiki/Alexis_Ponnet,Ponnet,Alexis,Belgium,UEFA
Alfonso González Archundia,not available,González Archundía,Alfonso,Mexico,CONCACAF
Alfonso González Archundía,not available,González Archundía,Alfonso,Mexico,CONCACAF
Alfred Birlem,not available,Birlem,Alfred,Germany,UEFA
Ali Bin Nasser,https://en.wikipedia.org/wiki/Ali_Bin_Nasser,Bin Nasser,Ali,Tunisia,CAF
Ali Bujsaim,https://en.wikipedia.org/wiki/Ali_Bujsaim,Bujsaim,Ali,United Arab Emirates,AFC
Ali Kandil,https://en.wikipedia.org/wiki/Ali_Kandil,Kandil,Ali,United Arab Republic,CAF
Alireza Faghani,https://en.wikipedia.org/wiki/Alireza_Faghani,Faghani,Alireza,Iran,AFC
Almeida Rêgo,https://en.wikipedia.org/wiki/Gilberto_de_Almeida_R%C3%AAgo,de Almeida Rêgo,Gilberto,Brazil,CONMEBOL
Alois Beranek,https://en.wikipedia.org/wiki/Alois_Beranek,Beranek,Alois,Austria,UEFA
Alojzy Jarguz,not available,Jarguz,Alojzy,Poland,UEFA
Anders Frisk,https://en.wikipedia.org/wiki/Anders_Frisk,Frisk,Anders,Sweden,UEFA
Andor Dorogi,not available,Dorogi,Andor,Hungary,UEFA
André Daina,https://en.wikipedia.org/wiki/Andr%C3%A9_Daina,Daina,André,Switzerland,UEFA
Andrei Rădulescu,https://en.wikipedia.org/wiki/Andrei_R%C4%83dulescu_(footballer),Rădulescu,Andrei,Romania,UEFA
Andrés Cunha,https://en.wikipedia.org/wiki/Andr%C3%A9s_Cunha,Cunha,Andrés,Uruguay,CONMEBOL
Angel Franco Martínez,not available,Martínez,Ángel Franco,Spain,UEFA
Ángel Franco Martínez,not available,Martínez,Ángel Franco,Spain,UEFA
Ángel Norberto Coerezza,not available,Coerezza,Ángel Norberto,Argentina,CONMEBOL
Ángel Sánchez,https://en.wikipedia.org/wiki/%C3%81ngel_S%C3%A1nchez_(referee),Sánchez,Ángel,Argentina,CONMEBOL
Anibal Tejada,not available,Tejada,Aníbal,Uruguay,CONMEBOL
Aníbal Tejada,not available,Tejada,Aníbal,Uruguay,CONMEBOL
Antoine Blavier,https://en.wikipedia.org/wiki/Antoine_Blavier,Blavier,Antoine,Belgium,UEFA
Antonio Garrido,https://en.wikipedia.org/wiki/Ant%C3%B3nio_Garrido_(referee),Garrido,António,Portugal,UEFA
António Garrido,https://en.wikipedia.org/wiki/Ant%C3%B3nio_Garrido_(referee),Garrido,António,Portugal,UEFA
Antonio López Nieto,https://en.wikipedia.org/wiki/Antonio_L%C3%B3pez_Nieto,López Nieto,Antonio,Spain,UEFA
Antonio Márquez Ramírez,https://en.wikipedia.org/wiki/Antonio_M%C3%A1rquez_Ram%C3%ADrez,Márquez Ramírez,Antonio,Mexico,CONCACAF
Antonio Mateu Lahoz,https://en.wikipedia.org/wiki/Antonio_Mateu_Lahoz,Mateu Lahoz,Antonio,Spain,UEFA
Antonio Ribeiro Saldanha,not available,Ribeiro Saldanha,Antonio,Portugal,UEFA
Antonio Sbardella,https://en.wikipedia.org/wiki/Antonio_Sbardella,Sbardella,Antonio,Italy,UEFA
Arie van Gemert,not available,van Gemert,Arie,Netherlands,UEFA
Armando Marques,not available,Marques,Armando,Brazil,CONMEBOL
Arnaldo Cézar Coelho,https://en.wikipedia.org/wiki/Arnaldo_C%C3%A9zar_Coelho,Coelho,Arnaldo Cézar,Brazil,CONMEBOL
Arne Eriksson,https://en.wikipedia.org/wiki/Arne_Eriksson,Eriksson,Arne,Finland,UEFA
Aron Schmidhuber,https://en.wikipedia.org/wiki/Aron_Schmidhuber,Schmidhuber,Aron,West Germany,UEFA
Arthur Edward Ellis,https://en.wikipedia.org/wiki/Arthur_Edward_Ellis,Ellis,Arthur Edward,England,UEFA
Arthur Ellis,https://en.wikipedia.org/wiki/Arthur_Edward_Ellis,Ellis,Arthur Edward,England,UEFA
Arturo Angeles,https://en.wikipedia.org/wiki/Arturo_Angeles,Angeles,Arturo,United States,CONCACAF
Arturo Brizio Carter,https://en.wikipedia.org/wiki/Arturo_Brizio_Carter,Brizio Carter,Arturo,Mexico,CONCACAF
Arturo Ithurralde,https://en.wikipedia.org/wiki/Arturo_Ithurralde,Ithurralde,Arturo,Argentina,CONMEBOL
Arturo Yamasaki,https://en.wikipedia.org/wiki/Arturo_Yamasaki,Yamasaki Maldonado,Arturo,Peru,CONMEBOL
Arturo Yamasaki Maldonado,https://en.wikipedia.org/wiki/Arturo_Yamasaki,Yamasaki Maldonado,Arturo,Peru,CONMEBOL
Augustin Krist,https://en.wikipedia.org/wiki/Augustin_Krist,Krist,Augustin,Czechoslovakia,UEFA
Augusto Lamo Castillo,https://en.wikipedia.org/wiki/Augusto_Lamo_Castillo,Lamo Castillo,Augusto,Spain,UEFA
Aurelio Angonese,not available,Angonese,Aurelio,Italy,UEFA
Ayrton Vieira de Moraes,not available,Vieira de Moraes,Ayrton,Brazil,CONMEBOL
Bakary Gassama,https://en.wikipedia.org/wiki/Bakary_Gassama,Gassama,Bakary,Gambia,CAF
Belaïd Lacarne,https://en.wikipedia.org/wiki/Bela%C3%AFd_Lacarne,Lacarne,Belaïd,Algeria,CAF
Ben Williams,https://en.wikipedia.org/wiki/Ben_Williams_(referee),Williams,Ben,Australia,AFC
Benito Archundia,https://en.wikipedia.org/wiki/Benito_Archundia,Archundia,Benito,Mexico,CONCACAF
Benjamin Dwomoh,https://en.wikipedia.org/wiki/Benjamin_Dwomoh,Dwomoh,Benjamin,Ghana,CAF
Benjamin Griffiths,https://en.wikipedia.org/wiki/Sandy_Griffiths,Griffiths,Sandy,Wales,UEFA
Bernd Heynemann,https://en.wikipedia.org/wiki/Bernd_Heynemann,Heynemann,Bernd,Germany,UEFA
Berny Ulloa Morera,https://en.wikipedia.org/wiki/Berny_Ulloa_Morera,Ulloa Morera,Berny,Costa Rica,CONCACAF
Bertil Lööw,not available,Lööw,Bertil,Sweden,UEFA
Björn Kuipers,https://en.wikipedia.org/wiki/Bj%C3%B6rn_Kuipers,Kuipers,Björn,Netherlands,UEFA
Bo Karlsson,https://en.wikipedia.org/wiki/Bo_Karlsson,Karlsson,Bo,Sweden,UEFA
Bob Davidson,https://en.wikipedia.org/wiki/Bobby_Davidson,Davidson,Bobby,Scotland,UEFA
Bob Valentine,https://en.wikipedia.org/wiki/Bob_Valentine_(referee),Valentine,Bob,Scotland,UEFA
Bobby Davidson,https://en.wikipedia.org/wiki/Bobby_Davidson,Davidson,Bobby,Scotland,UEFA
Bogdan Dotchev,https://en.wikipedia.org/wiki/Bogdan_Dotchev,Dotchev,Bogdan,Bulgaria,UEFA
Branko Tesanić,not available,Tesanić,Branko,Yugoslavia,UEFA
Brian Hall,https://en.wikipedia.org/wiki/Brian_Hall_(referee),Hall,Brian,United States,CONCACAF
Bruno Galler,https://en.wikipedia.org/wiki/Bruno_Galler,Galler,Bruno,Switzerland,UEFA
Byron Moreno,https://en.wikipedia.org/wiki/Byron_Moreno,Moreno,Byron,Ecuador,CONMEBOL
Carl Erich Steiner,not available,Steiner,Carl Erich,Austria,UEFA
Carl Jørgensen,not available,Jørgensen,Carl,Denmark,UEFA
Carlos Alberto Batres,https://en.wikipedia.org/wiki/Carlos_Alberto_Batres,Batres,Carlos Alberto,Guatemala,CONCACAF
Carlos Amarilla,https://en.wikipedia.org/wiki/Carlos_Amarilla,Amarilla,Carlos,Paraguay,CONMEBOL
Carlos Batres,https://en.wikipedia.org/wiki/Carlos_Alberto_Batres,Batres,Carlos Alberto,Guatemala,CONCACAF
Carlos Espósito,https://en.wikipedia.org/wiki/Carlos_Esp%C3%B3sito,Espósito,Carlos,Argentina,CONMEBOL
Carlos Eugênio Simon,https://en.wikipedia.org/wiki/Carlos_Eug%C3%AAnio_Simon,Simon,Carlos Eugênio,Brazil,CONMEBOL
Carlos Maciel,https://en.wikipedia.org/wiki/Carlos_Maciel,Maciel,Carlos,Paraguay,CONMEBOL
Carlos Robles,not available,Robles,Carlos,Chile,CONMEBOL
Carlos Silva Valente,https://en.wikipedia.org/wiki/Carlos_Silva_Valente,Silva Valente,Carlos,Portugal,UEFA
Carlos Simon,https://en.wikipedia.org/wiki/Carlos_Eug%C3%AAnio_Simon,Simon,Carlos Eugênio,Brazil,CONMEBOL
Carlos Velasco Carballo,https://en.wikipedia.org/wiki/Carlos_Velasco_Carballo,Velasco Carballo,Carlos,Spain,UEFA
Carlos Vera,https://en.wikipedia.org/wiki/Carlos_Vera,Vera,Carlos,Ecuador,CONMEBOL
César Arturo Ramos,https://en.wikipedia.org/wiki/C%C3%A9sar_Arturo_Ramos,Ramos,César Arturo,Mexico,CONCACAF
César Guerrero Orosco,not available,Guerrero Orosco,César,Peru,CONMEBOL
Cesare Jonni,https://en.wikipedia.org/wiki/Cesare_Jonni,Jonni,Cesare,Italy,UEFA
Chan Tam Sun,https://en.wikipedia.org/wiki/Thomson_Chan,Chan,Tam Sun,Hong Kong,AFC
Charles Corver,https://en.wikipedia.org/wiki/Charles_Corver,Corver,Charles,Netherlands,UEFA
Charlie Faultless,not available,Faultless,Charlie,Scotland,UEFA
Chris Bambridge,https://en.wikipedia.org/wiki/Chris_Bambridge,Bambridge,Chris,Australia,AFC
Clément Turpin,https://en.wikipedia.org/wiki/Cl%C3%A9ment_Turpin,Turpin,Clément,France,UEFA
Clive Thomas,https://en.wikipedia.org/wiki/Clive_Thomas_(football),Thomas,Clive,Wales,UEFA
Clive White,https://en.wikipedia.org/wiki/Clive_White,White,Clive,England,UEFA
Coffi Codjia,https://en.wikipedia.org/wiki/Coffi_Codjia,Codjia,Coffi,Benin,AFC
Concetto Lo Bello,https://en.wikipedia.org/wiki/Concetto_Lo_Bello,Lo Bello,Concetto,Italy,UEFA
Cüneyt Çakır,https://en.wikipedia.org/wiki/C%C3%BCneyt_%C3%87ak%C4%B1r,Çakır,Cüneyt,Turkey,UEFA
Damir Matovinović,https://en.wikipedia.org/wiki/Damir_Matovinovi%C4%87,Matovinović,Damir,Yugoslavia,UEFA
Damir Skomina,https://en.wikipedia.org/wiki/Damir_Skomina,Skomina,Damir,Slovenia,UEFA
David Socha,https://en.wikipedia.org/wiki/David_Socha,Socha,David,United States,CONCACAF
Diego De Leo,https://en.wikipedia.org/wiki/Diego_De_Leo,De Leo,Diego,Mexico,CONCACAF
Dimitar Rumenchev,not available,Rumenchev,Dimitar,Bulgaria,UEFA
Djamel Haimoudi,https://en.wikipedia.org/wiki/Djamel_Haimoudi,Haimoudi,Djamel,Algeria,CAF
Doğan Babacan,https://en.wikipedia.org/wiki/Do%C4%9Fan_Babacan,Babacan,Doğan,Turkey,UEFA
Domingo Lombardi,not available,Lombardi,Domingo,Uruguay,CONMEBOL
Dušan Maksimović,not available,Maksimović,Dušan,Yugoslavia,UEFA
Eddie Lennie,https://en.wikipedia.org/wiki/Eddie_Lennie,Lennie,Eddie,Australia,AFC
Eddy Maillet,https://en.wikipedia.org/wiki/Eddy_Maillet,Maillet,Eddy,Seychelles,CAF
Edgardo Codesal,https://en.wikipedia.org/wiki/Edgardo_Codesal,Codesal,Edgardo,Mexico,CONCACAF
Edison Peréz Núñez,not available,Peréz Núñez,Edison,Peru,CONMEBOL
Edwin Picon-Ackong,https://en.wikipedia.org/wiki/Edwin_Picon-Ackong,Picon-Ackong,Edwin,Mauritius,CAF
Elías Jácome,https://en.wikipedia.org/wiki/El%C3%ADas_J%C3%A1come,Jácome,Elías,Ecuador,CONMEBOL
Emil Schmetzer,not available,Schmetzer,Emil,West Germany,UEFA
Emilio Soriano Aladrén,https://en.wikipedia.org/wiki/Emilio_Soriano_Aladr%C3%A9n,Soriano Aladrén,Emilio,Spain,UEFA
Enrique Cáceres,https://en.wikipedia.org/wiki/Enrique_C%C3%A1ceres,Cáceres,Enrique,Paraguay,CONMEBOL
Enrique Labo Revoredo,https://en.wikipedia.org/wiki/Enrique_Labo_Revoredo,Labo Revoredo,Enrique,Peru,CONMEBOL
Enrique Osses,https://en.wikipedia.org/wiki/Enrique_Osses,Osses,Enrique,Chile,CONMEBOL
Epifanio González,https://en.wikipedia.org/wiki/Epifanio_Gonz%C3%A1lez,González,Epifanio,Paraguay,CONMEBOL
Éric Poulat,https://en.wikipedia.org/wiki/%C3%89ric_Poulat,Poulat,Éric,France,UEFA
Erich Linemayr,https://en.wikipedia.org/wiki/Erich_Linemayr,Linemayr,Erich,Austria,UEFA
Erik Fredriksson,https://en.wikipedia.org/wiki/Erik_Fredriksson,Fredriksson,Erik,Sweden,UEFA
Esfandiar Baharmast,https://en.wikipedia.org/wiki/Esfandiar_Baharmast,Baharmast,Esfandiar,United States,CONCACAF
Essam Abd El Fatah,https://en.wikipedia.org/wiki/Essam_Abd_El_Fatah,Abdel-Fatah,Essam,Egypt,CAF
Esteban Marino,https://en.wikipedia.org/wiki/Esteban_Marino,Marino,Esteban,Uruguay,CONMEBOL
Eugen Braun,not available,Braun,Eugen,Austria,UEFA
Fabio Baldas,https://en.wikipedia.org/wiki/Fabio_Baldas,Baldas,Fabio,Italy,UEFA
Falla N'Doye,https://en.wikipedia.org/wiki/Falla_N%27Doye,N'Doye,Falla,Senegal,CAF
Fallaj Al Shanar,https://en.wikipedia.org/wiki/Fallaj_Al_Shanar,Al-Shanar,Fallaj,Saudi Arabia,AFC
Farouk Bouzo,https://en.wikipedia.org/wiki/Farouk_Bouzo,Bouzo,Farouk,Syria,AFC
Felipe Ramos,https://en.wikipedia.org/wiki/Felipe_Ramos,Ramos,Felipe,Mexico,CONCACAF
Felix Brych,https://en.wikipedia.org/wiki/Felix_Brych,Brych,Felix,Germany,UEFA
Ferdinand Biwersi,https://en.wikipedia.org/wiki/Ferdinand_Biwersi,Biwersi,Ferdinand,West Germany,UEFA
Ferdinand Marschall,https://en.wikipedia.org/wiki/Ferdinand_Marschall,Marschall,Ferdinand,Austria,UEFA
Filippi Cavani,https://en.wikipedia.org/wiki/Filippi_Cavani,Cavani,Filippi,Uruguay,CONMEBOL
Francesco Mattea,not available,Mattea,Francesco,Italy,UEFA
Francis Rion,not available,Rion,Francis,Belgium,UEFA
Francisco Mateucci,not available,Mateucci,Francisco,Uruguay,CONMEBOL
Francisco Oscar Lamolina,https://en.wikipedia.org/wiki/Francisco_Oscar_Lamolina,Lamolina,Francisco Oscar,Argentina,CONMEBOL
Frank De Bleeckere,https://en.wikipedia.org/wiki/Frank_De_Bleeckere,De Bleeckere,Frank,Belgium,UEFA
Franz Wöhrer,https://en.wikipedia.org/wiki/Franz_W%C3%B6hrer,Wöhrer,Franz,Austria,UEFA
Fritz Seipelt,not available,Seipelt,Fritz,Austria,UEFA
Gabriel González,https://en.wikipedia.org/wiki/Gabriel_Gonz%C3%A1lez_(referee),González,Gabriel,Paraguay,CONMEBOL
Gamal Al-Ghandour,https://en.wikipedia.org/wiki/Gamal_Al-Ghandour,Al-Ghandour,Gamal,Egypt,CAF
Gastón Castro,https://en.wikipedia.org/wiki/Gast%C3%B3n_Castro,Castro,Gastón,Chile,CONMEBOL
Gehad Grisha,https://en.wikipedia.org/wiki/Gehad_Grisha,Grisha,Gehad,Egypt,CAF
Generoso Dattilo,not available,Dattilo,Generoso,Italy,UEFA
George Courtney,https://en.wikipedia.org/wiki/George_Courtney,Courtney,George,England,UEFA
George McCabe,https://en.wikipedia.org/wiki/George_McCabe,McCabe,George,England,UEFA
George Mitchell,https://en.wikipedia.org/wiki/George_Mitchell_(referee),Mitchell,George,Scotland,UEFA
George Reader,https://en.wikipedia.org/wiki/George_Reader,Reader,George,England,UEFA
George Smith,https://en.wikipedia.org/wiki/George_Smith_(referee),Smith,George,Scotland,UEFA
Georges Capdeville,https://en.wikipedia.org/wiki/Georges_Capdeville,Capdeville,Georges,France,UEFA
Gerhard Schulenburg,not available,Schulenburg,Gerhard,West Germany,UEFA
Gianluca Rocchi,https://en.wikipedia.org/wiki/Gianluca_Rocchi,Rocchi,Gianluca,Italy,UEFA
Gilberto Aristizábal,https://en.wikipedia.org/wiki/Gilberto_Aristiz%C3%A1bal,Aristizábal,Gilberto,Colombia,CONMEBOL
Gilberto de Almeida Rêgo,https://en.wikipedia.org/wiki/Gilberto_de_Almeida_R%C3%AAgo,de Almeida Rêgo,Gilberto,Brazil,CONMEBOL
Gilles Veissière,https://en.wikipedia.org/wiki/Gilles_Veissi%C3%A8re,Veissière,Gilles,France,UEFA
Giovanni Galeati,not available,Galeati,Giovanni,Italy,UEFA
Giuseppe Scarpi,not available,Scarpi,Giuseppe,Italy,UEFA
Gottfried Dienst,https://en.wikipedia.org/wiki/Gottfried_Dienst,Dienst,Gottfried,Switzerland,UEFA
Govindasamy Suppiah,https://en.wikipedia.org/wiki/Govindasamy_Suppiah,Suppiah,Govindasamy,Singapore,AFC
Graham Poll,https://en.wikipedia.org/wiki/Graham_Poll,Poll,Graham,England,UEFA
Günter Benkö,https://en.wikipedia.org/wiki/G%C3%BCnter_Benk%C3%B6,Benkö,Günter,Austria,UEFA
Hans Wüthrich,https://en.wikipedia.org/wiki/Hans_Wuthrich,Wüthrich,Hans,Switzerland,UEFA
Hans-Joachim Weyland,not available,Weyland,Hans-Joachim,West Germany,UEFA
Héctor Baldassi,https://en.wikipedia.org/wiki/H%C3%A9ctor_Baldassi,Baldassi,Héctor,Argentina,CONMEBOL
Héctor Ortiz,https://en.wikipedia.org/wiki/H%C3%A9ctor_Ortiz_(referee),Ortiz,Héctor,Paraguay,CONMEBOL
Hellmut Krug,https://en.wikipedia.org/wiki/Hellmut_Krug,Krug,Hellmut,Germany,UEFA
Helmut Kohl,https://en.wikipedia.org/wiki/Helmut_Kohl_(referee),Kohl,Helmut,Austria,UEFA
Henning Lund-Sørensen,https://en.wikipedia.org/wiki/Henning_Lund-S%C3%B8rensen,Lund-Sørensen,Henning,Denmark,UEFA
Henri Christophe,https://en.wikipedia.org/wiki/Henri_Christophe_(referee),Christophe,Henri,Belgium,UEFA
Henry Landauer,not available,Landauer,Henry,United States,CONCACAF
Hernán Silva,https://en.wikipedia.org/wiki/Hern%C3%A1n_Silva,Silva,Hernán,Chile,CONMEBOL
Horacio Elizondo,https://en.wikipedia.org/wiki/Horacio_Elizondo,Elizondo,Horacio,Argentina,CONMEBOL
Horst Brummeier,https://en.wikipedia.org/wiki/Horst_Brummeier,Brummeier,Horst,Austria,UEFA
Howard Webb,https://en.wikipedia.org/wiki/Howard_Webb,Webb,Howard,England,UEFA
Hugh Dallas,https://en.wikipedia.org/wiki/Hugh_Dallas,Dallas,Hugh,Scotland,UEFA
Hugh Phillips,not available,Phillips,Hugh,Scotland,UEFA
Ian McLeod,https://en.wikipedia.org/wiki/Ian_McLeod_(referee),McLeod,Ian,South Africa,CAF
Ibrahim Youssef Al-Doy,https://en.wikipedia.org/wiki/Ibrahim_Youssef_Al-Doy,Al-Doy,Ibrahim Youssef,Bahrain,AFC
Idrissa Traoré,https://en.wikipedia.org/wiki/Idrissa_Traor%C3%A9_(referee),Traoré,Idrissa,Mali,CAF
Ioan Igna,https://en.wikipedia.org/wiki/Ioan_Igna,Igna,Ioan,Romania,UEFA
Istvan Zsolt,https://en.wikipedia.org/wiki/Istv%C3%A1n_Zsolt,Zsolt,István,Hungary,UEFA
István Zsolt,https://en.wikipedia.org/wiki/Istv%C3%A1n_Zsolt,Zsolt,István,Hungary,UEFA
Ivan Eklind,https://en.wikipedia.org/wiki/Ivan_Eklind,Eklind,Ivan,Sweden,UEFA
Jack Mowat,https://en.wikipedia.org/wiki/Jack_Mowat,Mowat,Jack,Scotland,UEFA
Jack Taylor,https://en.wikipedia.org/wiki/Jack_Taylor_(referee),Taylor,Jack,England,UEFA
Jafar Namdar,https://en.wikipedia.org/wiki/Jafar_Namdar,Namdar,Jafar,Iran,AFC
Jair Marrufo,https://en.wikipedia.org/wiki/Jair_Marrufo,Marrufo,Jair,United States,CONCACAF
Jamal Al Sharif,https://en.wikipedia.org/wiki/Jamal_Al_Sharif,Al-Sharif,Jamal,Syria,AFC
Jan Bronkhorst,not available,Bronkhorst,Jan,Netherlands,UEFA
Jan Keizer,https://en.wikipedia.org/wiki/Jan_Keizer_(referee),Keizer,Jan,Netherlands,UEFA
Jan Wegereef,https://en.wikipedia.org/wiki/Jan_Wegereef,Wegereef,Jan,Netherlands,UEFA
Janny Sikazwe,https://en.wikipedia.org/wiki/Janny_Sikazwe,Sikazwe,Janny,Zambia,CAF
Javier Castrilli,https://en.wikipedia.org/wiki/Javier_Castrilli,Castrilli,Javier,Argentina,CONMEBOL
Jean Dubach,not available,Dubach,Jean,Switzerland,UEFA
Jean Lutz,not available,Lutz,Jean,Switzerland,UEFA
Jerome Damon,https://en.wikipedia.org/wiki/Jerome_Damon,Damon,Jerome,South Africa,CAF
Jesús Díaz,https://en.wikipedia.org/wiki/Jes%C3%BAs_D%C3%ADaz_(football_referee),Díaz,Jesús,Colombia,CONMEBOL
Jim Finney,https://en.wikipedia.org/wiki/Jim_Finney,Finney,Jim,England,UEFA
João Etzel Filho,not available,Etzel Filho,João,Brazil,CONMEBOL
Joaquim Campos,not available,Campos,Joaquim,Portugal,UEFA
Joel Aguilar,https://en.wikipedia.org/wiki/Joel_Aguilar,Aguilar,Joel,El Salvador,CONCACAF
Joël Quiniou,https://en.wikipedia.org/wiki/Jo%C3%ABl_Quiniou,Quiniou,Joël,France,UEFA
Johannes van Moorsel,not available,van Moorsel,Johannes,Netherlands,UEFA
John Adair,not available,Adair,John,Northern Ireland,UEFA
John Gordon,https://en.wikipedia.org/wiki/John_Gordon_(referee),Gordon,John,Scotland,UEFA
John Langenus,https://en.wikipedia.org/wiki/John_Langenus,Langenus,John,Belgium,UEFA
John Toro Rendón,https://en.wikipedia.org/wiki/John_Toro_Rend%C3%B3n,Toro Rendón,John,Colombia,CONMEBOL
Jonas Eriksson,https://en.wikipedia.org/wiki/Jonas_Eriksson_(referee),Eriksson,Jonas,Sweden,UEFA
Jorge Larrionda,https://en.wikipedia.org/wiki/Jorge_Larrionda,Larrionda,Jorge,Uruguay,CONMEBOL
Jose da Costa Vieira,not available,da Costa Vieira,Jose,Portugal,UEFA
José Luis Martínez Bazán,https://en.wikipedia.org/wiki/Jos%C3%A9_Luis_Mart%C3%ADnez_Baz%C3%A1n,Martínez Bazán,José Luis,Uruguay,CONMEBOL
José Macías,not available,Macías,José,Argentina,CONMEBOL
José María Codensal,not available,Codesal,José María,Uruguay,CONMEBOL
José María Codesal,not available,Codesal,José María,Uruguay,CONMEBOL
José María García-Aranda,https://en.wikipedia.org/wiki/Jos%C3%A9_Mar%C3%ADa_Garc%C3%ADa-Aranda,García-Aranda,José María,Spain,UEFA
José María Ortiz de Mendibil,https://en.wikipedia.org/wiki/Jos%C3%A9_Mar%C3%ADa_Ortiz_de_Mend%C3%ADbil,Ortiz de Mendíbil,José María,Spain,UEFA
José María Ortiz de Mendíbil,https://en.wikipedia.org/wiki/Jos%C3%A9_Mar%C3%ADa_Ortiz_de_Mend%C3%ADbil,Ortiz de Mendíbil,José María,Spain,UEFA
José Roberto Wright,https://en.wikipedia.org/wiki/Jos%C3%A9_Roberto_Wright,Wright,José Roberto,Brazil,CONMEBOL
José Torres Cadena,https://en.wikipedia.org/wiki/Jos%C3%A9_Torres_Cadena,Torres Cadena,José,Colombia,CONMEBOL
Juan Carlos Loustau,https://en.wikipedia.org/wiki/Juan_Carlos_Loustau,Loustau,Juan Carlos,Argentina,CONMEBOL
Juan Daniel Cardellino,https://en.wikipedia.org/wiki/Juan_Daniel_Cardellino,Cardellino,Juan Daniel,Uruguay,CONMEBOL
Juan Garay Gardeazábal,not available,Garay Gardeazábal,Juan,Spain,UEFA
Juan Gardeazábal Garay,not available,Garay Gardeazábal,Juan,Spain,UEFA
Juan Regis Brozzi,not available,Regis Brozzi,Juan,Argentina,CONMEBOL
Juan Silvagno Cavanna,not available,Silvagno Cavanna,Juan,Chile,CONMEBOL
Karel van der Meer,not available,van der Meer,Karel,Netherlands,UEFA
Karol Galba,https://en.wikipedia.org/wiki/Karol_Galba,Galba,Karol,Czechoslovakia,UEFA
Károly Palotai,https://en.wikipedia.org/wiki/K%C3%A1roly_Palotai,Palotai,Károly,Hungary,UEFA
Ken Dagnall,https://en.wikipedia.org/wiki/Ken_Dagnall,Dagnall,Ken,England,UEFA
Kenneth Aston,https://en.wikipedia.org/wiki/Ken_Aston,Aston,Kenneth,England,UEFA
Khalil Al Ghamdi,https://en.wikipedia.org/wiki/Khalil_Al_Ghamdi,Al-Ghamdi,Khalil,Saudi Arabia,AFC
Kim Milton Nielsen,https://en.wikipedia.org/wiki/Kim_Milton_Nielsen,Nielsen,Kim Milton,Denmark,UEFA
Kim Young-joo,https://en.wikipedia.org/wiki/Kim_Young-joo,Kim,Young-joo,South Korea,AFC
Koman Coulibaly,https://en.wikipedia.org/wiki/Koman_Coulibaly,Coulibaly,Koman,Mali,CAF
Konstantin Zečević,not available,Zečević,Konstantin,Yugoslavia,UEFA
Kurt Röthlisberger,https://en.wikipedia.org/wiki/Kurt_R%C3%B6thlisberger,Röthlisberger,Kurt,Switzerland,UEFA
Kurt Tschenscher,https://en.wikipedia.org/wiki/Kurt_Tschenscher,Tschenscher,Kurt,West Germany,UEFA
Kyros Vassaras,https://en.wikipedia.org/wiki/Kyros_Vassaras,Vassaras,Kyros,Greece,UEFA
Lajos Németh,not available,Németh,Lajos,Hungary,UEFA
László Vágner,https://en.wikipedia.org/wiki/L%C3%A1szl%C3%B3_V%C3%A1gner,Vágner,László,Hungary,UEFA
Laurens van Ravens,https://en.wikipedia.org/wiki/Laurens_van_Ravens,van Ravens,Laurens,Netherlands,UEFA
Laurent Franken,not available,Franken,Laurent,Belgium,UEFA
Leo Callaghan,https://en.wikipedia.org/wiki/Leo_Callaghan,Callaghan,Leo,Wales,UEFA
Leo Horn,https://en.wikipedia.org/wiki/Leo_Horn,Horn,Leo,Netherlands,UEFA
Leo Lemesic,https://en.wikipedia.org/wiki/Leo_Lemesic,Lemesic,Leo,Yugoslavia,UEFA
Leslie Mottram,https://en.wikipedia.org/wiki/Leslie_Mottram,Mottram,Leslie,Scotland,UEFA
Lim Kee Chong,https://en.wikipedia.org/wiki/Lim_Kee_Chong,Lim,Kee Chong,Mauritius,CAF
Louis Baert,https://en.wikipedia.org/wiki/Louis_Baert,Baert,Louis,Belgium,UEFA
Lu Jun,https://en.wikipedia.org/wiki/Lu_Jun,Lu,Jun,China,AFC
Ľuboš Micheľ,https://en.wikipedia.org/wiki/%C4%BDubo%C5%A1_Miche%C4%BE,Micheľ,Ľuboš,Slovakia,UEFA
Lucien Bouchardeau,https://en.wikipedia.org/wiki/Lucien_Bouchardeau,Bouchardeau,Lucien,Niger,CAF
Lucien Leclerq,not available,Leclerq,Lucien,France,UEFA
Lucien van Nuffel,not available,van Nuffel,Lucien,Belgium,UEFA
Luigi Agnolin,https://en.wikipedia.org/wiki/Luigi_Agnolin,Agnolin,Luigi,Italy,UEFA
Luis Barrancos,https://en.wikipedia.org/wiki/Luis_Barrancos,Barrancos,Luis,Bolivia,CONMEBOL
Luis Medina Cantalejo,https://en.wikipedia.org/wiki/Luis_Medina_Cantalejo,Medina Cantalejo,Luis,Spain,UEFA
Luis Paulino Siles,https://en.wikipedia.org/wiki/Luis_Paulino_Siles,Paulino Siles,Luis,Costa Rica,CONCACAF
Luis Pestarino,not available,Pestarino,Luis,Argentina,CONMEBOL
Mahmoud Mustafa Kamel,not available,Mustafa Kamel,Mahmoud,Egypt,CAF
Malang Diedhiou,https://en.wikipedia.org/wiki/Malang_Diedhiou,Diedhiou,Malang,Senegal,CAF
Malcolm Moffat,not available,Moffat,Malcolm,Northern Ireland,UEFA
Manuel Asensi,not available,Asensi,Manuel,Spain,UEFA
Manuel Díaz Vega,https://en.wikipedia.org/wiki/Manuel_D%C3%ADaz_Vega,Díaz Vega,Manuel,Spain,UEFA
Marc Batta,https://en.wikipedia.org/wiki/Marc_Batta,Batta,Marc,France,UEFA
Marcel van Langenhove,https://en.wikipedia.org/wiki/Marcel_van_Langenhove_(referee),van Langenhove,Marcel,Belgium,UEFA
Márcio Rezende de Freitas,https://en.wikipedia.org/wiki/M%C3%A1rcio_Rezende_de_Freitas,Rezende de Freitas,Márcio,Brazil,CONMEBOL
Marco Antonio Rodríguez,https://en.wikipedia.org/wiki/Marco_Antonio_Rodr%C3%ADguez,Rodríguez,Marco Antonio,Mexico,CONCACAF
Marco Rodríguez,https://en.wikipedia.org/wiki/Marco_Antonio_Rodr%C3%ADguez,Rodríguez,Marco Antonio,Mexico,CONCACAF
Mário Gardelli,https://en.wikipedia.org/wiki/M%C3%A1rio_Gardelli,Gardelli,Mário,Brazil,CONMEBOL
Mario Rubio Vázquez,not available,Vázquez,Mario Rubio,Mexico,CONCACAF
Mario Sánchez,https://en.wikipedia.org/wiki/Mario_S%C3%A1nchez_Yant%C3%A9n,Sánchez Yantén,Mario,Chile,CONMEBOL
Mario Sánchez Yantén,https://en.wikipedia.org/wiki/Mario_S%C3%A1nchez_Yant%C3%A9n,Sánchez Yantén,Mario,Chile,CONMEBOL
Mario van der Ende,https://en.wikipedia.org/wiki/Mario_van_der_Ende,van der Ende,Mario,Netherlands,UEFA
Mario Vianna,not available,Vianna,Mário,Brazil,CONMEBOL
Mário Vianna,not available,Vianna,Mário,Brazil,CONMEBOL
Mark Geiger,https://en.wikipedia.org/wiki/Mark_Geiger,Geiger,Mark,United States,CONCACAF
Mark Shield,https://en.wikipedia.org/wiki/Mark_Shield,Shield,Mark,Australia,AFC
Markus Merk,https://en.wikipedia.org/wiki/Markus_Merk,Merk,Markus,Germany,UEFA
Martin Macko,not available,Macko,Martin,Czechoslovakia,UEFA
Masayoshi Okada,https://en.wikipedia.org/wiki/Masayoshi_Okada,Okada,Masayoshi,Japan,AFC
Massimo Busacca,https://en.wikipedia.org/wiki/Massimo_Busacca,Busacca,Massimo,Switzerland,UEFA
Matthew Conger,https://en.wikipedia.org/wiki/Matthew_Conger,Conger,Matthew,New Zealand,OFC
Maurice Guigue,https://en.wikipedia.org/wiki/Maurice_Guigue,Guigue,Maurice,France,UEFA
Menachem Ashkenazi,https://en.wikipedia.org/wiki/Menachem_Ashkenazi,Ashkenazi,Menachem,Israel,UEFA
Michael Hester,https://en.wikipedia.org/wiki/Michael_Hester,Hester,Michael,New Zealand,OFC
Michel Vautrot,https://en.wikipedia.org/wiki/Michel_Vautrot,Vautrot,Michel,France,UEFA
Milorad Mažić,https://en.wikipedia.org/wiki/Milorad_Ma%C5%BEi%C4%87,Mažić,Milorad,Serbia,UEFA
Mohamed Guezzaz,https://en.wikipedia.org/wiki/Mohamed_Guezzaz,Guezzaz,Mohamed,Morocco,CAF
Mohammed Abdulla Hassan Mohamed,https://en.wikipedia.org/wiki/Mohammed_Abdulla_Hassan_Mohamed,Hassan Mohamed,Mohammed Abdulla,United Arab Emirates,AFC
Mourad Daami,https://en.wikipedia.org/wiki/Mourad_Daami,Daami,Mourad,Tunisia,CAF
Myroslav Stupar,https://en.wikipedia.org/wiki/Myroslav_Stupar,Stupar,Myroslav,Soviet Union,UEFA
Nawaf Shukralla,https://en.wikipedia.org/wiki/Nawaf_Shukralla,Shukralla,Nawaf,Bahrain,AFC
Neji Jouini,https://en.wikipedia.org/wiki/Neji_Jouini,Jouini,Neji,Tunisia,CAF
Néstor Pitana,https://en.wikipedia.org/wiki/N%C3%A9stor_Pitana,Pitana,Néstor,Argentina,CONMEBOL
Nicola Rizzoli,https://en.wikipedia.org/wiki/Nicola_Rizzoli,Rizzoli,Nicola,Italy,UEFA
Nicolae Rainea,https://en.wikipedia.org/wiki/Nicolae_Rainea,Rainea,Nicolae,Romania,UEFA
Nikolai Levnikov,https://en.wikipedia.org/wiki/Nikolai_Levnikov,Levnikov,Nikolai,Soviet Union,UEFA
Nikolay Latyshev,https://en.wikipedia.org/wiki/Nikolai_Levnikov,Levnikov,Nikolai,Soviet Union,UEFA
Noumandiez Doué,https://en.wikipedia.org/wiki/Noumandiez_Dou%C3%A9,Doué,Noumandiez,Ivory Coast,CAF
Olegário Benquerença,https://en.wikipedia.org/wiki/Oleg%C3%A1rio_Benqueren%C3%A7a,Benquerença,Olegário,Portugal,UEFA
Omar Delgado Gómez,not available,Delgado Gómez,Omar,Colombia,CONMEBOL
Óscar Ruiz,https://en.wikipedia.org/wiki/%C3%93scar_Ruiz,Ruiz,Óscar,Colombia,CONMEBOL
Pablo Pozo,https://en.wikipedia.org/wiki/Pablo_Pozo,Pozo,Pablo,Chile,CONMEBOL
Pablo Sánchez Ibáñez,not available,Sánchez Ibáñez,Pablo,Spain,UEFA
Pál von Hertzka,not available,von Hertzka,Pál,Hungary,UEFA
Paolo Casarin,https://en.wikipedia.org/wiki/Paolo_Casarin,Casarin,Paolo,Italy,UEFA
Pat Partridge,https://en.wikipedia.org/wiki/Pat_Partridge,Partridge,Pat,England,UEFA
Paul Durkin,https://en.wikipedia.org/wiki/Paul_Durkin,Durkin,Paul,England,UEFA
Pavel Kazakov,https://en.wikipedia.org/wiki/Pavel_Kazakov,Kazakov,Pavel,Soviet Union,UEFA
Pedro Proença,https://en.wikipedia.org/wiki/Pedro_Proen%C3%A7a,Proença,Pedro,Portugal,UEFA
Peter Mikkelsen,https://en.wikipedia.org/wiki/Peter_Mikkelsen_(referee),Mikkelsen,Peter,Denmark,UEFA
Peter O'Leary,https://en.wikipedia.org/wiki/Peter_O%27Leary_(referee),O'Leary,Peter,New Zealand,OFC
Peter Prendergast,https://en.wikipedia.org/wiki/Peter_Prendergast_(referee),Prendergast,Peter,Jamaica,CONCACAF
Philip Don,https://en.wikipedia.org/wiki/Philip_Don,Don,Philip,England,UEFA
Pierluigi Collina,https://en.wikipedia.org/wiki/Pierluigi_Collina,Collina,Pierluigi,Italy,UEFA
Pierluigi Pairetto,https://en.wikipedia.org/wiki/Pierluigi_Pairetto,Pairetto,Pierluigi,Italy,UEFA
Pierre Schwinte,not available,Schwinte,Pierre,France,UEFA
Pirom Un-prasert,https://en.wikipedia.org/wiki/Pirom_Un-prasert,Un-prasert,Pirom,Thailand,AFC
Rafael Hormazábal Díaz,not available,Hormazábal Díaz,Rafael,Chile,CONMEBOL
Ramesh Ramdhan,https://en.wikipedia.org/wiki/Ramesh_Ramdhan,Ramdhan,Ramesh,Trinidad and Tobago,CONCACAF
Ramón Azón Romá,not available,Azón Romá,Ramón,Spain,UEFA
Ramón Barreto,https://en.wikipedia.org/wiki/Ram%C3%B3n_Barreto,Barreto Ruíz,Ramón,Uruguay,CONMEBOL
Ramón Barreto Ruíz,https://en.wikipedia.org/wiki/Ram%C3%B3n_Barreto,Barreto Ruíz,Ramón,Uruguay,CONMEBOL
Ravshan Irmatov,https://en.wikipedia.org/wiki/Ravshan_Irmatov,Irmatov,Ravshan,Uzbekistan,AFC
Raymon Wyssling,not available,Wyssling,Raymond,Switzerland,UEFA
Raymond Vincenti,not available,Vincenti,Raymond,France,UEFA
Raymond Wyssling,not available,Wyssling,Raymond,Switzerland,UEFA
Reginald Leafe,https://en.wikipedia.org/wiki/Reginald_Leafe,Leafe,Reginald,England,UEFA
Renato Marsiglia,https://en.wikipedia.org/wiki/Renato_Marsiglia,Marsiglia,Renato,Brazil,CONMEBOL
René Mercet,https://en.wikipedia.org/wiki/Ren%C3%A9_Mercet,Mercet,René,Switzerland,UEFA
René Ortubé,https://en.wikipedia.org/wiki/Ren%C3%A9_Ortub%C3%A9,Ortubé,René,Bolivia,CONMEBOL
Ricardo Vallarino,not available,Vallarino,Ricardo,Uruguay,CONMEBOL
Rinaldo Barlassina,https://en.wikipedia.org/wiki/Rinaldo_Barlassina,Barlassina,Rinaldo,Italy,UEFA
Robert Holley Davidson,https://en.wikipedia.org/wiki/Bobby_Davidson,Davidson,Bobby,Scotland,UEFA
Robert Wurtz,https://en.wikipedia.org/wiki/Robert_Wurtz_(referee),Wurtz,Robert,France,UEFA
Roberto Goicoechea,not available,Goicoechea,Roberto,Argentina,CONMEBOL
Roberto Rosetti,https://en.wikipedia.org/wiki/Roberto_Rosetti,Rosetti,Roberto,Italy,UEFA
Rodrigo Badilla,https://en.wikipedia.org/wiki/Rodrigo_Badilla,Badilla,Rodrigo,Costa Rica,CONCACAF
Roger Conrié,not available,Conrié,Roger,France,UEFA
Roger Machin,https://en.wikipedia.org/wiki/Roger_Machin,Machin,Roger,France,UEFA
Romualdo Arppi Filho,https://en.wikipedia.org/wiki/Romualdo_Arppi_Filho,Arppi Filho,Romualdo,Brazil,CONMEBOL
Rómulo Méndez,https://en.wikipedia.org/wiki/R%C3%B3mulo_M%C3%A9ndez,Méndez,Rómulo,Guatemala,CONCACAF
Rudi Glöckner,https://en.wikipedia.org/wiki/Rudi_Gl%C3%B6ckner,Glöckner,Rudi,East Germany,UEFA
Rudolf Kreitlein,https://en.wikipedia.org/wiki/Rudolf_Kreitlein,Kreitlein,Rudolf,West Germany,UEFA
Rudolf Scheurer,https://en.wikipedia.org/wiki/Rudolf_Scheurer,Scheurer,Rudolf,Switzerland,UEFA
Rune Pedersen,https://en.wikipedia.org/wiki/Rune_Pedersen_(referee),Pedersen,Rune,Norway,UEFA
Ryszard Wójcik,https://en.wikipedia.org/wiki/Ryszard_W%C3%B3jcik,Wójcik,Ryszard,Poland,UEFA
Saad Mane,https://en.wikipedia.org/wiki/Saad_Mane,Mane,Saad,Kuwait,AFC
Said Belqola,https://en.wikipedia.org/wiki/Said_Belqola,Belqola,Said,Morocco,CAF
Sándor Puhl,https://en.wikipedia.org/wiki/S%C3%A1ndor_Puhl,Puhl,Sándor,Hungary,UEFA
Sandro Ricci,https://en.wikipedia.org/wiki/Sandro_Ricci,Ricci,Sandro,Brazil,CONMEBOL
Sergei Karasev,https://en.wikipedia.org/wiki/Sergei_Karasev,Karasev,Sergei,Russia,UEFA
Sergio Bustamante,not available,Bustamante,Sergio,Chile,CONMEBOL
Sergio Gonella,https://en.wikipedia.org/wiki/Sergio_Gonella,Gonella,Sergio,Italy,UEFA
Seyoum Tarekegn,not available,Tarekegn,Seyoum,Ethiopia,CAF
Shamsul Maidin,https://en.wikipedia.org/wiki/Shamsul_Maidin,Maidin,Shamsul,Singapore,AFC
Shizuo Takada,https://en.wikipedia.org/wiki/Shizuo_Takada,Takada,Shizuo,Japan,AFC
Siegfried Kirschen,https://en.wikipedia.org/wiki/Siegfried_Kirschen,Kirschen,Siegfried,East Germany,UEFA
Sten Ahlner,not available,Ahlner,Sten,Sweden,UEFA
Stéphane Lannoy,https://en.wikipedia.org/wiki/St%C3%A9phane_Lannoy,Lannoy,Stéphane,France,UEFA
Szymon Marciniak,https://en.wikipedia.org/wiki/Szymon_Marciniak,Marciniak,Szymon,Poland,UEFA
Terje Hauge,https://en.wikipedia.org/wiki/Terje_Hauge,Hauge,Terje,Norway,UEFA
Thomas Balvay,https://en.wikipedia.org/wiki/Thomas_Balvay,Balvay,Thomas,France,UEFA
Tofiq Bahramov,https://en.wikipedia.org/wiki/Tofiq_Bahramov,Bahramov,Tofiq,Soviet Union,UEFA
Tony Boskovic,https://en.wikipedia.org/wiki/Tony_Boskovic,Boskovic,Tony,Australia,AFC
Toru Kamikawa,https://en.wikipedia.org/wiki/Toru_Kamikawa,Kamikawa,Toru,Japan,AFC
Tullio Lanese,https://en.wikipedia.org/wiki/Tullio_Lanese,Lanese,Tullio,Italy,UEFA
Ubaldo Aquino,https://en.wikipedia.org/wiki/Ubaldo_Aquino,Aquino,Ubaldo,Paraguay,CONMEBOL
Ulf Eriksson,https://en.wikipedia.org/wiki/Ulf_Eriksson_(referee),Eriksson,Ulf,Sweden,UEFA
Ulises Saucedo,https://en.wikipedia.org/wiki/Ulises_Saucedo,Saucedo,Ulises,Bolivia,CONMEBOL
Urs Meier,https://en.wikipedia.org/wiki/Urs_Meier,Meier,Urs,Switzerland,UEFA
Valentin Ivanov,https://en.wikipedia.org/wiki/Valentin_Ivanov_(footballer_born_1961),Ivanov,Valentin,Russia,UEFA
Valeri Butenko,https://en.wikipedia.org/wiki/Valeri_Butenko,Butenko,Valeri,Soviet Union,UEFA
Vasa Stefanovic,not available,Stefanovic,Vasa,Yugoslavia,UEFA
Vicente Llobregat,not available,Llobregat,Vicente,Venezuela,CONMEBOL
Victoriano Sánchez Arminio,not available,Sánchez Arminio,Victoriano,Spain,UEFA
Viktor Kassai,https://en.wikipedia.org/wiki/Viktor_Kassai,Kassai,Viktor,Hungary,UEFA
Vincent Mauro,not available,Mauro,Vincent,United States,CONCACAF
Vincenzo Orlandini,https://en.wikipedia.org/wiki/Vincenzo_Orlandini,Orlandini,Vincenzo,Italy,UEFA
Vital Loraux,not available,Loraux,Vital,Belgium,UEFA
Vítor Melo Pereira,https://en.wikipedia.org/wiki/V%C3%ADtor_Melo_Pereira,Melo Pereira,Vítor,Portugal,UEFA
Vojtech Christov,https://en.wikipedia.org/wiki/Vojt%C4%9Bch_Christov,Christov,Vojtěch,Czechoslovakia,UEFA
Vojtěch Christov,https://en.wikipedia.org/wiki/Vojt%C4%9Bch_Christov,Christov,Vojtěch,Czechoslovakia,UEFA
Volker Roth,https://en.wikipedia.org/wiki/Volker_Roth,Roth,Volker,West Germany,UEFA
Walter Eschweiler,https://en.wikipedia.org/wiki/Walter_Eschweiler,Eschweiler,Walter,West Germany,UEFA
Werner Winsemann,https://en.wikipedia.org/wiki/Werner_Winsemann,Winsemann,Werner,Canada,CONCACAF
William Ling,https://en.wikipedia.org/wiki/William_Ling_(referee),Ling,William,England,UEFA
William Mattus,https://en.wikipedia.org/wiki/William_Mattus,Mattus,William,Costa Rica,CONCACAF
Wilmar Roldán,https://en.wikipedia.org/wiki/Wilmar_Rold%C3%A1n,Roldán,Wilmar,Colombia,CONMEBOL
Wolfgang Stark,https://en.wikipedia.org/wiki/Wolfgang_Stark,Stark,Wolfgang,Germany,UEFA
Yousef Alghoul,https://en.wikipedia.org/wiki/Yousef_Alghoul,Alghoul,Yousef,Libya,CAF
Youssou N'Diaye,not available,N'Diaye,Youssou,Senegal,CAF
Yuichi Nishimura,https://en.wikipedia.org/wiki/Yuichi_Nishimura,Nishimura,Yuichi,Japan,AFC
Zoran Petrović,https://en.wikipedia.org/wiki/Zoran_Petrovi%C4%87_(referee),Petrović,Zoran,Yugoslavia,UEFA